AAPL,MSI,SBUX
34.01808166503906,77.40361785888672,52.20579147338867
33.97323226928711,78.0844497680664,52.76831817626953
33.90950393676758,79.32652282714844,52.976993560791016
33.9189567565918,78.0476303100586,53.02235794067383
34.1715087890625,77.76242065429688,52.913482666015625
33.994476318359375,77.12760925292969,52.82276153564453
33.90950393676758,77.4679946899414,52.550575256347656
33.83396911621094,77.51402282714844,52.64129638671875
33.793846130371094,77.0171890258789,52.577789306640625
33.43035125732422,76.77798461914062,52.5142822265625
33.47046661376953,76.21675872802734,52.24209213256836
33.293434143066406,75.75672149658203,52.1785774230957
33.477542877197266,76.43756866455078,52.69572830200195
33.328853607177734,76.03274536132812,52.94070816040039
33.20610427856445,76.70439147949219,53.566741943359375
33.62153244018555,77.3759994506836,54.510318756103516
33.5814094543457,77.02639770507812,54.99119567871094
33.904781341552734,77.94644927978516,55.44483947753906
34.11486053466797,78.56288146972656,55.308738708496094
33.914222717285156,78.5536880493164,55.853126525878906
33.940181732177734,79.18851470947266,55.617225646972656
33.90714645385742,79.09649658203125,54.49217987060547
34.59873580932617,79.27132415771484,54.60105514526367
34.818260192871094,79.05050659179688,54.89138412475586
34.71204376220703,79.46453094482422,54.97304916381836
34.58694076538086,79.21613311767578,55.190799713134766
35.1605110168457,77.6888427734375,55.29967498779297
36.116477966308594,76.90676879882812,55.29059600830078
36.34778594970703,77.99244689941406,55.55479431152344
36.17549514770508,78.91249084472656,55.26327133178711
36.48833084106445,78.53527069091797,54.9079704284668
36.99793243408203,77.47722625732422,54.59821319580078
36.90311050415039,77.72563171386719,55.07194900512695
36.848602294921875,77.00799560546875,54.64375305175781
35.611392974853516,75.30591583251953,54.416015625
36.15415954589844,74.36746978759766,54.498008728027344
36.277400970458984,74.36746978759766,55.900997161865234
36.49782180786133,76.29956817626953,55.782562255859375
36.45279312133789,75.54512786865234,55.709686279296875
36.34376907348633,75.64631652832031,56.38383102416992
36.46937942504883,75.69233703613281,57.30398941040039
36.40775680541992,75.31509399414062,57.66839599609375
36.42198181152344,76.20757293701172,57.631954193115234
36.206295013427734,76.88838958740234,57.95082092285156
36.30584716796875,78.79289245605469,58.0783576965332
36.8438720703125,79.69453430175781,58.825401306152344
36.48359680175781,80.32936096191406,58.55208969116211
36.606842041015625,80.46737670898438,58.45188903808594
36.82490539550781,79.28970336914062,57.8505973815918
36.73484420776367,79.72213745117188,56.70269775390625
35.31037902832031,79.28052520751953,56.65715026855469
34.46660614013672,79.22529602050781,55.837215423583984
34.74393081665039,79.59536743164062,55.50014114379883
34.404991149902344,78.51299285888672,54.9079704284668
34.198787689208984,78.12445068359375,54.74397659301758
33.72001647949219,78.37422180175781,54.78953552246094
34.68465805053711,79.7433853149414,55.481929779052734
34.36943435668945,79.31781005859375,54.53444290161133
34.57326889038086,79.78035736083984,54.625545501708984
34.516387939453125,80.81648254394531,54.21558380126953
34.67044448852539,82.0006103515625,54.488895416259766
34.56142044067383,81.79707336425781,54.33402633666992
34.06605911254883,81.14950561523438,53.714508056640625
34.56378173828125,81.52880096435547,53.91493606567383
34.054203033447266,80.29844665527344,53.16789627075195
34.134796142578125,80.24291229248047,53.12233352661133
34.01154708862305,80.18742370605469,53.067684173583984
34.15138244628906,80.32618713378906,52.785255432128906
33.82904052734375,79.52134704589844,52.47550964355469
34.172706604003906,80.77021789550781,52.876365661621094
34.381282806396484,80.69622039794922,52.66682815551758
34.49269104003906,81.08475494384766,52.74882507324219
34.54245376586914,82.00985717773438,53.33187484741211
35.02359390258789,81.71381378173828,53.186119079589844
35.32460021972656,81.97285461425781,53.53230667114258
35.447853088378906,81.66758728027344,53.140567779541016
35.57109451293945,81.8248291015625,53.03124237060547
35.79389572143555,83.05522155761719,52.94013977050781
35.632720947265625,83.22172546386719,52.867252349853516
35.616127014160156,83.73978424072266,52.82170104980469
36.04750442504883,83.8785400390625,52.858154296875
36.201560974121094,84.54461669921875,53.34098815917969
36.37220764160156,84.96089935302734,52.785255432128906
35.684871673583984,85.30318450927734,54.20646667480469
35.43363571166992,84.19307708740234,49.19578552246094
35.251129150390625,83.88780212402344,49.17757034301758
35.56399154663086,85.06267547607422,49.860843658447266
37.24441909790039,83.6565170288086,50.498565673828125
36.872310638427734,83.62875366210938,50.72632598876953
37.06665802001953,83.60102844238281,50.507667541503906
37.64023208618164,82.51863861083984,50.68077087402344
37.94123840332031,81.94511413574219,49.89373779296875
38.17351531982422,81.88032531738281,49.179931640625
36.957618713378906,80.47419738769531,48.566776275634766
37.47157287597656,80.927490234375,48.66745376586914
38.03551483154297,81.9636001586914,48.70405578613281
38.451908111572266,81.33453369140625,48.63999557495117
38.297245025634766,81.58430480957031,48.96030044555664
37.56200408935547,80.60369873046875,48.53933334350586
37.476341247558594,80.82574462890625,48.22817611694336
37.40732955932617,80.66844940185547,48.63999557495117
38.01884841918945,79.9376449584961,49.829689025878906
38.066436767578125,79.75260162353516,49.491085052490234
37.89750289916992,80.03014373779297,49.36296081542969
38.03788757324219,80.3724365234375,49.7473258972168
38.42098617553711,80.7609634399414,49.78392791748047
38.76362991333008,80.42793273925781,49.50937271118164
38.86832046508789,81.09398651123047,49.89373779296875
39.022979736328125,81.51956176757812,50.204891204833984
39.034873962402344,81.28827667236328,50.26895523071289
38.56613540649414,80.16891479492188,50.45198440551758
38.52568054199219,79.29932403564453,49.70157241821289
38.37101745605469,79.88213348388672,48.9328498840332
37.745216369628906,78.7442626953125,48.95114517211914
38.4281120300293,80.49267578125,49.43617630004883
38.275840759277344,81.16799926757812,48.996910095214844
37.98792266845703,79.53059387207031,49.683265686035156
37.66193771362305,78.67483520507812,49.90289306640625
38.04264450073242,79.51199340820312,50.031009674072266
37.754737854003906,79.51199340820312,50.049320220947266
37.769012451171875,79.84683227539062,49.98527145385742
37.13608169555664,79.67012023925781,50.47029113769531
36.49838638305664,79.05619049072266,50.342166900634766
36.14146423339844,78.40506744384766,50.415382385253906
35.82261657714844,77.67021942138672,50.28725051879883
36.438899993896484,77.2237319946289,50.45198440551758
36.69826126098633,78.22833251953125,50.3238639831543
36.47221755981445,77.84696960449219,49.87544631958008
36.672088623046875,78.94456481933594,49.1524772644043
36.59831237792969,79.84683227539062,49.24399185180664
36.75774383544922,79.70732879638672,49.408721923828125
36.519798278808594,79.66079711914062,49.35382080078125
36.974281311035156,79.99566650390625,49.966957092285156
36.952850341796875,83.19551849365234,50.48859405517578
37.08134841918945,82.87923431396484,50.351314544677734
37.09562301635742,82.86065673828125,50.717376708984375
37.25029373168945,83.02808380126953,50.91870880126953
37.11942672729492,83.53038024902344,51.22071075439453
37.35498046875,83.65127563476562,50.99192810058594
38.04264450073242,83.12107849121094,50.25066375732422
38.18303680419922,82.67460632324219,49.88459396362305
38.01408767700195,82.86994934082031,50.525203704833984
37.114654541015625,83.3908462524414,50.6990852355957
37.17890167236328,83.7164306640625,49.93950271606445
37.15986633300781,83.66060638427734,49.66496276855469
37.38116455078125,83.93035125732422,49.674110412597656
37.21697235107422,83.76292419433594,49.564292907714844
37.45492172241211,83.97685241699219,50.25066375732422
38.796932220458984,84.82333374023438,50.22319793701172
39.670188903808594,84.06057739257812,50.48859405517578
40.222225189208984,84.21871185302734,50.18658447265625
39.71064376831055,84.23731994628906,50.45198440551758
40.000938415527344,83.73500061035156,50.21405029296875
41.0455207824707,87.669677734375,51.27561569213867
41.4619140625,85.97677612304688,51.769798278808594
41.59516906738281,85.67910766601562,52.3646354675293
41.93543243408203,86.19068908691406,52.99609375
41.84977340698242,85.2140121459961,52.49276351928711
41.71126937866211,84.7116928100586,52.19990921020508
41.54410171508789,84.99075317382812,51.83385467529297
40.916053771972656,84.6651840209961,52.099246978759766
40.37636947631836,84.07919311523438,52.16365051269531
40.85874938964844,84.61868286132812,52.66044235229492
40.631893157958984,84.60008239746094,52.375244140625
40.59129333496094,85.88373565673828,52.26484680175781
41.34589385986328,85.99534606933594,52.67884826660156
41.780521392822266,85.41863250732422,52.568450927734375
41.78290557861328,85.91163635253906,52.25564956665039
41.572757720947266,86.39533996582031,51.436851501464844
41.32918167114258,87.93013000488281,52.12685012817383
40.471893310546875,87.59526062011719,52.90884017944336
41.037837982177734,87.5394515991211,53.19403839111328
40.8468132019043,86.53485107421875,52.734039306640625
40.548301696777344,87.09297943115234,54.058837890625
40.510093688964844,84.33033752441406,54.59242630004883
40.35964584350586,84.91634368896484,54.53723907470703
40.433685302734375,86.32091522216797,54.40843963623047
40.445621490478516,86.06047058105469,53.920841217041016
41.23365783691406,85.88373565673828,54.344032287597656
41.00202560424805,86.85113525390625,54.52803039550781
41.138145446777344,87.3813247680664,54.730430603027344
41.12620162963867,86.24018859863281,54.92362976074219
41.54410171508789,87.12876892089844,53.626441955566406
42.1291618347168,88.38215637207031,53.38724136352539
41.680213928222656,87.2503662109375,53.368831634521484
41.63485336303711,86.1466293334961,53.111244201660156
41.792449951171875,85.69767761230469,52.973243713378906
41.792449951171875,84.89325714111328,52.71564483642578
40.7321891784668,84.80908203125,52.568450927734375
40.73934555053711,84.93069458007812,52.688045501708984
40.85396957397461,84.71556091308594,53.184844970703125
40.41218948364258,84.50040435791016,52.83525085449219
41.13576126098633,84.69683837890625,53.01924133300781
41.12859344482422,84.09822082519531,54.01283645629883
41.31962966918945,84.79973602294922,54.215232849121094
41.79006576538086,85.94085693359375,54.84083557128906
41.63485336303711,86.82010650634766,54.564823150634766
41.63007354736328,86.16536712646484,54.44523239135742
41.620521545410156,86.40856170654297,55.034034729003906
41.856929779052734,87.50293731689453,55.19963455200195
42.289154052734375,90.32772064208984,55.567626953125
42.074249267578125,89.66361999511719,55.71481704711914
42.7691535949707,90.99180603027344,55.80682373046875
42.80734634399414,91.19760131835938,56.20241928100586
42.61631774902344,91.47821807861328,56.35881423950195
42.267669677734375,91.03858184814453,56.496822357177734
42.2772216796875,90.50543975830078,56.75441360473633
41.60380172729492,89.64488983154297,55.96322250366211
40.86113739013672,91.36595916748047,55.70562744140625
40.956661224365234,92.60063934326172,53.3504524230957
40.10891342163086,92.76899719238281,52.458045959472656
39.87250518798828,93.34892272949219,52.61445236206055
39.98234939575195,93.03089141845703,52.26484680175781
40.06592559814453,92.71287536621094,51.51964569091797
38.327457427978516,97.15582275390625,51.30805206298828
37.369876861572266,94.5274658203125,50.31446075439453
38.93163299560547,96.11759185791016,51.16085433959961
38.09821319580078,95.9959945678711,50.374610900878906
37.04988479614258,92.3574447631836,49.73638153076172
37.5030517578125,92.72222900390625,50.48561096191406
39.01362228393555,94.751953125,51.2255973815918
39.40446472167969,95.35059356689453,51.49384689331055
40.1309814453125,98.23149871826172,51.78984832763672
41.47850799560547,99.2697525024414,52.33559799194336
41.34422302246094,99.06396484375,52.24308776855469
41.20515823364258,98.9143295288086,51.77134323120117
41.01814270019531,98.20343017578125,51.89158630371094
41.36102294921875,97.96025848388672,51.244110107421875
42.08034133911133,99.83097839355469,51.928585052490234
42.912357330322266,99.9151382446289,52.881317138671875
42.77328109741211,99.72808837890625,52.32633972167969
42.70854187011719,99.28845977783203,52.81657409667969
41.960445404052734,99.44747161865234,51.95634078979492
42.250572204589844,99.41941833496094,52.659324645996094
42.39684295654297,100.33605194091797,52.71483612060547
42.36087417602539,101.37432098388672,52.7518196105957
41.96763610839844,101.80455780029297,52.7518196105957
42.425621032714844,101.45850372314453,53.158817291259766
43.15453338623047,102.03840637207031,54.07455825805664
43.57173156738281,101.81393432617188,54.944034576416016
43.152130126953125,102.16001892089844,54.620296478271484
42.78527069091797,102.39497375488281,54.41679763793945
42.83562469482422,102.25401306152344,54.916290283203125
42.6845703125,102.28219604492188,54.57404708862305
42.032386779785156,102.2070083618164,53.92655563354492
42.018001556396484,102.80850219726562,54.25954818725586
41.066097259521484,102.52655029296875,54.08380126953125
40.485836029052734,100.75025939941406,53.43631362915039
39.5483283996582,98.00593566894531,52.08584213256836
41.42575454711914,99.42509460449219,53.46406173706055
40.363548278808594,99.55667114257812,53.14956283569336
39.91758346557617,97.70519256591797,53.55656814575195
40.229278564453125,98.9645767211914,53.54730987548828
39.96553421020508,98.23149871826172,52.02109146118164
40.375553131103516,98.6168212890625,53.649051666259766
41.147613525390625,99.6882553100586,54.41679763793945
41.43294143676758,100.27095031738281,54.70354461669922
40.373146057128906,97.7239990234375,53.96355438232422
40.7735710144043,98.4100570678711,54.296546936035156
41.54084396362305,101.0792007446289,54.95328903198242
41.34663009643555,101.15440368652344,54.96253204345703
41.754241943359375,101.81227111816406,54.9717903137207
41.895713806152344,101.21078491210938,54.79603958129883
42.15707015991211,102.36676788330078,54.9717903137207
42.73732376098633,103.9926986694336,55.34178924560547
42.64140701293945,104.71635437011719,55.03653335571289
41.43294143676758,104.04908752441406,54.77754211425781
39.7353515625,103.91751098632812,53.649051666259766
39.620262145996094,103.21263122558594,53.79705810546875
39.06877517700195,103.04346466064453,53.47331619262695
39.239013671875,102.83670043945312,53.38081359863281
39.37568664550781,103.22203826904297,54.925540924072266
38.92012405395508,103.52277374267578,53.982051849365234
39.62505340576172,103.22203826904297,53.25131607055664
40.5457878112793,101.95325469970703,53.76930236816406
42.3369026184082,101.15440368652344,52.44658279418945
42.41361618041992,101.21078491210938,51.91933822631836
44.07765579223633,101.53032684326172,53.35307312011719
44.39656448364258,100.8536376953125,53.14032745361328
44.60995101928711,101.35176086425781,53.343814849853516
44.92405700683594,99.41569519042969,53.03697204589844
45.56665802001953,102.2070083618164,53.60416030883789
45.39335250854492,101.8498764038086,53.25083541870117
45.28744125366211,100.91944122314453,53.12065887451172
44.875850677490234,101.48333740234375,52.665042877197266
45.294654846191406,100.84424591064453,53.139251708984375
45.00823211669922,99.85741424560547,53.18574523925781
44.844547271728516,100.00780487060547,53.148555755615234
45.162288665771484,101.85926055908203,53.315921783447266
45.04916000366211,102.73331451416016,52.96259689331055
45.33799362182617,104.17127227783203,53.45539093017578
45.28744125366211,104.19004821777344,53.6320686340332
45.39094161987305,103.91751098632812,53.8552131652832
45.22726821899414,103.08104705810547,53.2136344909668
45.13098907470703,102.88368225097656,53.44609832763672
44.97934341430664,100.88182067871094,52.69294738769531
45.790504455566406,102.54534912109375,52.91610336303711
46.173213958740234,103.2972183227539,53.064876556396484
46.52944564819336,105.58101654052734,51.77241897583008
46.69070816040039,106.74641418457031,53.15784454345703
46.565555572509766,105.46822357177734,53.12996292114258
46.14191818237305,105.54341888427734,52.62785339355469
46.02878952026367,105.74077606201172,52.51627731323242
46.281524658203125,106.4644546508789,52.51627731323242
45.90121841430664,106.79340362548828,52.26522445678711
45.92528533935547,107.53927612304688,53.01837921142578
45.45352554321289,108.1246566772461,53.10205841064453
45.42946243286133,109.04993438720703,53.20433807373047
44.69532012939453,109.33317565917969,53.39960861206055
44.89028549194336,109.49369049072266,48.555240631103516
44.63996887207031,110.51337432861328,47.067527770996094
44.509986877441406,111.13650512695312,47.644012451171875
43.848060607910156,109.56922912597656,47.10472106933594
44.39204406738281,109.03104400634766,46.84437561035156
44.32705307006836,108.96495819091797,46.34226608276367
44.64958953857422,110.57003021240234,45.13350296020508
44.555721282958984,109.87135314941406,45.4217414855957
45.0539665222168,110.00353240966797,45.61701202392578
44.269287109375,109.42759704589844,45.347354888916016
44.625518798828125,110.91935729980469,45.198585510253906
45.24411392211914,111.79742431640625,45.5426139831543
45.872337341308594,111.69355773925781,46.3980598449707
45.81698226928711,112.01457214355469,46.881561279296875
45.22245407104492,113.60076141357422,46.62120819091797
45.98064422607422,114.025634765625,46.72349548339844
46.0528678894043,114.025634765625,47.997344970703125
45.9517707824707,114.57324981689453,47.36506652832031
46.08175277709961,115.61180114746094,47.681209564208984
45.82902145385742,116.31050109863281,47.560333251953125
46.185245513916016,115.35689544677734,47.736995697021484
46.079341888427734,114.8847885131836,47.337162017822266
46.120262145996094,115.20582580566406,47.59752655029297
46.454837799072266,114.68653106689453,47.57892990112305
46.89289855957031,117.1224594116211,47.997344970703125
46.74607467651367,118.1610336303711,47.83927917480469
45.96860885620117,116.55595397949219,48.490150451660156
45.7110595703125,113.75182342529297,48.257686614990234
45.80252456665039,114.52604675292969,48.71330642700195
48.500762939453125,114.14837646484375,48.28559112548828
49.918487548828125,114.7337417602539,48.05313491821289
50.06290054321289,111.09873962402344,48.56452941894531
50.32285690307617,112.56218719482422,48.41576385498047
49.8510856628418,114.24278259277344,48.41576385498047
49.88478088378906,113.12866973876953,48.26596450805664
50.27712631225586,114.66764831542969,48.61238479614258
50.12736129760742,114.25223541259766,48.2285041809082
50.45103454589844,114.57324981689453,48.509395599365234
50.66359329223633,114.24278259277344,49.23970413208008
50.781951904296875,113.56298065185547,49.38950729370117
51.52589797973633,114.53546142578125,49.66103744506836
52.55487060546875,116.12165069580078,50.147911071777344
52.04279708862305,118.00994873046875,50.48497772216797
51.94134521484375,117.53789520263672,50.55988311767578
51.943763732910156,117.46234893798828,49.455047607421875
52.050052642822266,118.10438537597656,49.30525207519531
52.211883544921875,119.57726287841797,49.38950729370117
52.641822814941406,120.14375305175781,49.595497131347656
53.06694793701172,120.69136810302734,49.67040252685547
53.85919952392578,121.53166198730469,49.85765838623047
54.3543701171875,120.41756439208984,49.71721267700195
54.98237228393555,121.1917724609375,50.044918060302734
55.1587028503418,121.01237487792969,50.11982345581055
54.79880905151367,120.30426788330078,50.36326217651367
53.88819122314453,120.48365020751953,50.75650405883789
53.45341491699219,119.70944213867188,51.365089416503906
52.73603439331055,120.03044891357422,51.468082427978516
54.0693473815918,120.3231430053711,51.60852813720703
53.39785385131836,118.95413208007812,51.468082427978516
54.68770217895508,119.58930969238281,51.39318084716797
54.06692886352539,120.1771240234375,51.26210021972656
52.62733459472656,119.92112731933594,51.09355926513672
52.71429443359375,120.03492736816406,51.561710357666016
52.74569320678711,118.06294250488281,51.898780822753906
53.14665222167969,119.54193878173828,52.835079193115234
52.574195861816406,121.74144744873047,53.790096282958984
53.33022689819336,122.26287841796875,53.07850646972656
53.66838836669922,123.17303466796875,53.2751350402832
53.24085235595703,122.05430603027344,53.62156295776367
54.33503723144531,121.8552017211914,53.68709945678711
54.52585983276367,123.38159942626953,53.21895217895508
54.893009185791016,121.53286743164062,52.03922653198242
55.38092041015625,120.28141784667969,52.048583984375
56.054832458496094,120.20557403564453,51.93622589111328
55.069332122802734,119.39971923828125,52.329471588134766
54.175628662109375,119.06788635253906,52.20775604248047
54.05002212524414,117.08642578125,52.93806838989258
54.79880905151367,117.98709869384766,54.03352737426758
52.260196685791016,114.41288757324219,52.44183349609375
51.79883575439453,111.81517028808594,51.365089416503906
53.64906311035156,113.9957275390625,52.85380554199219
52.501739501953125,113.77769470214844,53.13468551635742
53.658721923828125,117.33293151855469,54.127159118652344
53.42684555053711,117.143310546875,55.33497619628906
52.178070068359375,117.41825103759766,54.90428161621094
52.972747802734375,116.95370483398438,54.923011779785156
53.29640579223633,116.63135528564453,55.1477165222168
53.79881286621094,115.93927764892578,55.06345748901367
51.953426361083984,113.37000274658203,54.361244201660156
53.091102600097656,115.30406188964844,55.20389938354492
52.24570083618164,113.46481323242188,54.37059020996094
51.26503372192383,110.98087310791016,54.651485443115234
51.52106857299805,113.04764556884766,54.85746765136719
52.86404800415039,116.19522857666016,54.557857513427734
53.67562484741211,117.35188293457031,54.89491653442383
50.115291595458984,122.14910125732422,60.22243881225586
48.692604064941406,117.58889770507812,60.37223815917969
49.21916961669922,119.3523178100586,61.804771423339844
50.71189880371094,121.98794555664062,63.81780242919922
50.53496170043945,122.86015319824219,64.3421401977539
49.560569763183594,122.91703033447266,64.22976684570312
47.064002990722656,120.39518737792969,63.58374786376953
46.593772888183594,120.30986785888672,63.11558151245117
45.277618408203125,122.04481506347656,63.10615921020508
46.395023345947266,122.67054748535156,63.652130126953125
46.90887451171875,123.2678451538086,64.16045379638672
45.04977035522461,119.7315444946289,63.92512893676758
42.89739227294922,117.15278625488281,63.23796081542969
42.848907470703125,117.66474914550781,62.852012634277344
41.76060485839844,117.89227294921875,61.84479904174805
42.32536697387695,120.75545501708984,61.835391998291016
42.23326110839844,122.5852279663086,62.20249557495117
43.85723876953125,125.21136474609375,62.899085998535156
43.52031707763672,125.69488525390625,62.95555877685547
43.28520965576172,124.43395233154297,62.8049430847168
44.79770278930664,126.84203338623047,63.53919219970703
42.82709884643555,123.32472229003906,62.739044189453125
42.349605560302734,123.02133178710938,62.644920349121094
40.83953857421875,120.90714263916016,61.628292083740234
41.10859298706055,122.86964416503906,61.647117614746094
40.873470306396484,122.73693084716797,62.05188751220703
40.98740005493164,123.48588562011719,62.24957275390625
41.43581008911133,122.88595581054688,62.983795166015625
40.10995864868164,120.60060119628906,61.505924224853516
39.73667907714844,117.35347747802734,60.68696594238281
40.25296401977539,116.06796264648438,61.110572814941406
38.997406005859375,113.36363983154297,60.3010368347168
38.013328552246094,109.98318481445312,58.503108978271484
36.534767150878906,106.39325714111328,57.78770446777344
35.5894660949707,103.76507568359375,57.006412506103516
38.095741271972656,106.81224060058594,59.378543853759766
37.84849548339844,107.04077911376953,59.49150085449219
37.86789321899414,106.888427734375,59.67035675048828
38.23390197753906,109.54517364501953,60.62108612060547
38.27751922607422,109.2975845336914,60.54578399658203
34.464805603027344,105.4696044921875,57.91949462890625
35.93608474731445,110.04032897949219,59.839786529541016
35.85609436035156,110.55451202392578,59.839786529541016
36.539615631103516,113.8016586303711,59.886844635009766
37.16012954711914,110.6116714477539,60.1316032409668
37.27889633178711,111.94479370117188,60.423404693603516
36.91289138793945,110.45928955078125,59.990394592285156
36.35783767700195,109.62133026123047,59.651519775390625
37.101959228515625,110.24027252197266,60.31985855102539
37.55521774291992,109.07855224609375,60.02804946899414
37.77820587158203,108.3167724609375,60.508113861083984
38.01089859008789,110.07841491699219,60.90347671508789
37.15769958496094,109.00238800048828,61.55299377441406
37.3079833984375,108.99285125732422,62.531959533691406
37.012271881103516,109.30709838867188,60.94112777709961
38.23874282836914,110.63069915771484,63.15323257446289
37.884864807128906,109.72608184814453,62.974388122558594
37.49219512939453,110.19267272949219,63.10615921020508
40.0542106628418,111.23062133789062,64.15103912353516
40.342647552490234,111.32584381103516,64.14163208007812
40.36204528808594,112.71610260009766,64.1133804321289
41.508514404296875,114.31586456298828,63.61448287963867
42.218711853027344,113.67786407470703,65.27120208740234
42.23326110839844,114.6777114868164,65.148193359375
41.433387756347656,112.95416259765625,65.422607421875
41.48206329345703,128.9040985107422,65.99980163574219
41.24350357055664,127.77093505859375,66.22689056396484
41.59891891479492,130.66575622558594,65.99980163574219
41.42607498168945,131.065673828125,66.71894073486328
41.577003479003906,130.6371612548828,67.03121185302734
41.4844970703125,132.00839233398438,66.90818786621094
41.60865020751953,132.27499389648438,66.42560577392578
41.87641906738281,132.56068420410156,66.60538482666016
41.64030075073242,131.7798614501953,66.89873504638672
42.1052360534668,133.29391479492188,67.46646881103516
42.411949157714844,134.4651641845703,67.22991180419922
42.4362907409668,134.87460327148438,67.3150634765625
42.567745208740234,136.16012573242188,66.3782958984375
42.149044036865234,136.28395080566406,66.48238372802734
42.59208297729492,136.75051879882812,67.0406723022461
42.806304931640625,135.2174072265625,67.1352767944336
42.72840881347656,134.8365478515625,67.73140716552734
42.48255157470703,133.57958984375,67.43807220458984
41.99082946777344,132.82733154296875,66.81355285644531
42.09062576293945,132.21788024902344,65.63076782226562
43.548744201660156,134.69369506835938,65.9335708618164
44.03803634643555,133.50340270996094,66.28368377685547
44.23276901245117,134.2747039794922,66.33098602294922
44.7244873046875,133.94007873535156,66.93658447265625
45.306270599365234,134.46592712402344,66.87033081054688
45.7687873840332,134.33204650878906,67.03121185302734
45.40608596801758,134.29383850097656,67.54216003417969
45.802860260009766,132.61109924316406,67.77873992919922
47.48979187011719,134.46592712402344,68.37484741210938
46.5063591003418,132.55374145507812,68.09098815917969
45.94404983520508,132.55374145507812,68.41271209716797
45.4693717956543,134.23641967773438,69.03722381591797
45.87833023071289,133.2516632080078,68.82904052734375
45.939186096191406,133.07960510253906,69.98345184326172
46.23859405517578,134.25558471679688,70.34302520751953
46.5526123046875,135.11607360839844,69.98345184326172
47.22932815551758,135.45069885253906,70.27678680419922
47.5530891418457,136.04347229003906,70.33356475830078
47.63585662841797,134.50418090820312,70.35248565673828
47.954742431640625,134.4850616455078,70.99592590332031
48.709354400634766,134.4563751220703,71.15677642822266
48.56330490112305,134.59979248046875,71.0810775756836
48.83594512939453,136.43551635742188,71.42171478271484
48.42942428588867,136.7701416015625,71.7907485961914
48.40993881225586,136.94219970703125,72.52881622314453
48.49757385253906,137.267333984375,72.0651626586914
48.50244140625,138.45285034179688,71.62989807128906
49.44694137573242,137.3151092529297,71.0810775756836
49.6246452331543,137.06651306152344,71.97054290771484
49.78773498535156,137.79315185546875,71.34602355957031
50.50583267211914,139.6575469970703,71.904296875
50.427947998046875,140.53717041015625,72.28279876708984
49.97030258178711,139.1508026123047,72.9640884399414
49.73173904418945,139.8391876220703,73.28579711914062
49.80720901489258,138.88311767578125,72.77485656738281
48.848106384277344,138.54847717285156,73.50343322753906
51.245849609375,136.4641876220703,73.35204315185547
50.912353515625,136.1008758544922,73.30472564697266
51.54525375366211,137.3151092529297,73.85354614257812
50.749263763427734,136.033935546875,73.86300659179688
49.38121032714844,135.52719116210938,73.76839447021484
49.39094924926758,136.7701416015625,74.19615936279297
48.86028289794922,138.85446166992188,74.05358123779297
48.18339538574219,141.9139404296875,74.54788970947266
45.382999420166016,136.94219970703125,72.8938217163086
46.10143280029297,138.28076171875,73.25503540039062
46.6536865234375,138.80662536621094,73.92050170898438
46.44842529296875,141.87571716308594,75.00420379638672
46.184513092041016,140.4989013671875,75.01371002197266
44.740325927734375,140.4511260986328,72.87479400634766
45.598052978515625,142.20077514648438,73.70184326171875
44.66457748413086,145.9295654296875,73.4356689453125
43.90217208862305,143.8739471435547,72.63714599609375
43.73356246948242,144.01739501953125,72.38998413085938
43.552734375,143.80702209472656,71.96218872070312
43.345027923583984,142.71710205078125,71.56293487548828
43.56983947753906,144.6483917236328,72.40898895263672
42.780548095703125,143.36721801757812,72.3044204711914
42.348026275634766,145.41326904296875,72.45654296875
43.89728546142578,150.0503692626953,74.64295959472656
44.60593795776367,153.578369140625,76.0118637084961
45.26082229614258,153.9130096435547,77.38075256347656
46.46552658081055,156.39886474609375,78.40743255615234
47.059329986572266,154.4197235107422,77.88459777832031
47.6042594909668,153.51145935058594,78.30286407470703
47.4527473449707,154.22853088378906,78.835205078125
47.44297790527344,153.4705352783203,79.23446655273438
47.098426818847656,153.85433959960938,80.08052062988281
47.37944793701172,157.20294189453125,78.92076873779297
48.493736267089844,158.40232849121094,78.8257064819336
48.35200119018555,159.79354858398438,79.67176055908203
48.74055099487305,160.1005859375,80.50830841064453
48.574378967285156,158.40232849121094,79.68126678466797
48.5255126953125,158.90126037597656,79.51966857910156
47.789981842041016,157.5387420654297,80.09004211425781
48.823631286621094,158.20083618164062,79.26298522949219
48.808963775634766,157.93215942382812,79.43409729003906
48.36423110961914,159.97584533691406,79.69078826904297
49.25126266479492,160.12936401367188,80.37522888183594
49.53961181640625,161.49185180664062,81.28782653808594
49.950138092041016,163.4684295654297,83.45524597167969
49.906150817871094,163.737060546875,83.45524597167969
48.87739181518555,162.21148681640625,83.12252044677734
49.17551040649414,163.44924926757812,82.92289733886719
49.66178894042969,163.81382751464844,84.01612091064453
49.300132751464844,164.14007568359375,84.67203521728516
49.678897857666016,165.30104064941406,85.33747863769531
50.1456298828125,165.8000030517578,85.7082290649414
49.97213363647461,164.5814208984375,85.63216400146484
49.69111633300781,163.26693725585938,85.79377746582031
50.25559997558594,164.57183837890625,86.98206329345703
49.50539779663086,162.0675506591797,85.84132385253906
50.636802673339844,163.0941925048828,86.43070220947266
51.03266525268555,163.88101196289062,85.66069030761719
50.991127014160156,160.80101013183594,86.17402648925781
50.58792495727539,162.08670043945312,86.48772430419922
50.76387023925781,163.20933532714844,94.21630096435547
51.2379264831543,161.93321228027344,93.18012237548828
51.01800537109375,159.27542114257812,91.87776947021484
52.05898666381836,159.237060546875,90.0145492553711
50.93246841430664,158.0856475830078,90.67046356201172
49.85483932495117,163.19015502929688,90.79405975341797
47.24505615234375,161.8948516845703,89.07342529296875
48.13941192626953,164.62939453125,90.63245391845703
48.637908935546875,166.9513397216797,90.86145782470703
49.710662841796875,171.80636596679688,91.8634033203125
49.3010368347168,169.158203125,91.89202880859375
49.17593002319336,168.4290008544922,90.56565856933594
51.25844955444336,168.9183349609375,92.2069091796875
49.73274612426758,164.10166931152344,90.5751953125
49.4849967956543,165.08995056152344,91.15727996826172
50.65258026123047,166.29891967773438,92.10195922851562
51.59695816040039,169.70509338378906,92.23555755615234
51.59940719604492,168.28504943847656,91.25269317626953
52.15866470336914,171.9407196044922,91.9111099243164
52.11452102661133,171.48974609375,92.07332611083984
49.70575714111328,168.169921875,90.36526489257812
50.65013122558594,171.12515258789062,92.08287811279297
50.0786018371582,171.27867126464844,91.69163513183594
50.414649963378906,171.0196075439453,92.62679290771484
51.26826095581055,173.82131958007812,93.2279281616211
51.20203399658203,173.58145141601562,92.14012908935547
50.45634841918945,171.3650360107422,92.34051513671875
51.312416076660156,171.67205810546875,91.71072387695312
52.31565475463867,166.5387725830078,91.18590545654297
52.31074905395508,167.71896362304688,91.35765075683594
52.53396224975586,164.71575927734375,89.84999084472656
53.15454864501953,157.76904296875,86.21436309814453
54.8446044921875,158.61338806152344,86.81555938720703
54.72195816040039,159.9613037109375,87.84609985351562
53.65739822387695,160.82785034179688,86.33844757080078
53.939483642578125,159.85540771484375,85.32695770263672
54.13571548461914,162.56088256835938,86.5960693359375
54.643463134765625,162.20465087890625,86.79646301269531
54.199493408203125,161.19374084472656,87.36898040771484
53.407196044921875,160.02871704101562,85.94719696044922
53.6500358581543,162.20465087890625,86.65332794189453
53.39493179321289,162.9364013671875,85.8040542602539
54.21665573120117,165.23748779296875,86.21436309814453
53.93702697753906,165.95962524414062,85.68955993652344
53.674564361572266,163.8607177734375,84.32501983642578
54.93781280517578,164.0725555419922,84.37272644042969
55.08989715576172,159.287353515625,82.55015563964844
53.70890808105469,158.31491088867188,80.46039581298828
54.1651496887207,158.5556182861328,80.79436492919922
55.68349838256836,161.954345703125,81.9871597290039
55.695762634277344,161.5499267578125,81.92036437988281
55.04329299926758,164.39988708496094,81.02339172363281
55.68840408325195,164.7368621826172,81.92036437988281
56.438995361328125,163.68739318847656,82.02532196044922
57.94017791748047,161.29962158203125,82.40701293945312
57.856773376464844,161.11668395996094,82.65511322021484
57.72187423706055,163.39857482910156,82.49288940429688
57.488834381103516,166.3351287841797,82.7409896850586
57.712066650390625,169.18504333496094,82.34021759033203
57.989234924316406,168.53994750976562,82.09211730957031
58.994930267333984,169.46424865722656,81.4432373046875
58.86001968383789,162.79197692871094,79.63975524902344
59.64984893798828,162.8015899658203,78.95270538330078
59.74797439575195,157.1787872314453,79.37257385253906
60.483848571777344,157.33285522460938,79.56343078613281
61.08971405029297,156.76483154296875,79.7733383178711
59.67683792114258,158.62303161621094,80.27908325195312
59.66947555541992,159.2103271484375,80.33634948730469
61.01858139038086,160.1345977783203,80.68940734863281
62.75033950805664,161.32852172851562,79.40120697021484
63.16242599487305,154.61773681640625,78.59965515136719
63.0716667175293,151.24789428710938,78.1416244506836
63.09864807128906,152.70175170898438,79.1912841796875
63.826881408691406,156.16783142089844,78.19886779785156
64.00157165527344,158.82522583007812,78.02711486816406
64.50836944580078,155.15689086914062,78.65690612792969
64.44933319091797,155.12802124023438,79.90360260009766
65.0668716430664,155.59017944335938,80.49817657470703
64.61663818359375,155.7249755859375,80.92012786865234
65.38424682617188,156.05230712890625,80.7571029663086
65.71391296386719,156.89959716796875,80.57489013671875
65.51463317871094,159.8265380859375,80.22965240478516
64.75194549560547,160.1731414794922,80.172119140625
64.46163940429688,158.92149353027344,78.92542266845703
64.40505981445312,159.68209838867188,79.61589813232422
65.53430938720703,159.5569610595703,80.31596374511719
65.0225830078125,160.1731414794922,81.09275817871094
65.89596557617188,161.17446899414062,82.25314331054688
65.75082397460938,161.0782012939453,81.92707824707031
64.9906005859375,158.90220642089844,81.10233306884766
63.83180618286133,158.72894287109375,81.34209442138672
64.39520263671875,158.99851989746094,81.8983154296875
65.33995056152344,154.47332763671875,80.98725891113281
66.6020736694336,154.7332763671875,82.78059387207031
65.66962432861328,155.49388122558594,82.74223327636719
66.05343627929688,154.93545532226562,82.51207733154297
66.61683654785156,155.7634735107422,83.03952026367188
66.78659057617188,156.56576538085938,84.59308624267578
67.69442749023438,155.14480590820312,85.03422546386719
68.85323333740234,156.0147705078125,85.13970947265625
68.9885482788086,155.6088104248047,84.5163803100586
68.82369232177734,154.0718536376953,84.38211059570312
68.89258575439453,155.73446655273438,84.890380859375
68.74989318847656,155.6377716064453,84.83283233642578
69.87177276611328,156.78807067871094,84.61225891113281
69.93819427490234,156.2854461669922,84.890380859375
71.3258056640625,155.99546813964844,84.46842193603516
71.29873657226562,156.06312561035156,84.5163803100586
71.72189331054688,155.58950805664062,83.85466003417969
72.24594116210938,155.7634735107422,84.31497955322266
73.89433288574219,156.23712158203125,85.68635559082031
73.17591857910156,158.89537048339844,85.18767547607422
73.75900268554688,161.35060119628906,84.5163803100586
73.41211700439453,160.19065856933594,84.25743865966797
74.59304809570312,160.35498046875,85.23560333251953
76.1774673461914,163.06158447265625,86.81795501708984
76.34966278076172,161.7179412841797,86.463134765625
77.98084259033203,165.16880798339844,87.34541320800781
76.92784118652344,162.7232208251953,87.25910186767578
76.5981674194336,164.8594970703125,87.78656005859375
77.55767059326172,167.0924072265625,88.78390502929688
78.41631317138672,170.24366760253906,89.7812728881836
77.88489532470703,171.03628540039062,88.73595428466797
78.16291046142578,171.80958557128906,88.73595428466797
78.53932189941406,171.13296508789062,89.90593719482422
78.31298065185547,173.66552734375,88.2564468383789
76.01016998291016,172.0609130859375,85.0917739868164
78.16043853759766,173.09523010253906,84.96710968017578
79.79651641845703,173.4335174560547,83.16419219970703
79.6808853149414,174.06185913085938,82.32027435302734
76.14793395996094,171.0942840576172,81.3516845703125
75.93881225585938,170.1566925048828,82.48329162597656
78.44583892822266,172.37025451660156,84.75611877441406
79.08551025390625,170.7946319580078,84.36109161376953
80.01056671142578,172.95989990234375,83.00261688232422
78.92300415039062,173.47222900390625,83.26275634765625
79.29785919189453,177.92840576171875,84.33219146728516
78.8194351196289,178.305419921875,84.31291961669922
80.69121551513672,178.50836181640625,85.33419036865234
80.11660766601562,177.9767303466797,86.64450073242188
80.13634490966797,178.2570343017578,86.01824951171875
78.66899871826172,178.70172119140625,85.97010040283203
79.80834197998047,179.9099884033203,86.84683990478516
78.98958587646484,179.40733337402344,85.36309051513672
77.20166778564453,179.08836364746094,84.16841125488281
73.5345458984375,175.734130859375,81.43215942382812
71.04377746582031,172.16725158691406,79.18728637695312
72.17078399658203,171.81927490234375,77.72280883789062
67.453125,163.1775360107422,75.42977142333984
67.41365814208984,160.1519775390625,75.56465148925781
73.6899185180664,167.70144653320312,79.37032318115234
71.34957122802734,169.1513671875,75.72843933105469
74.65908813476562,176.3237762451172,76.75934600830078
72.23737335205078,174.42918395996094,73.40648651123047
71.27806091308594,170.05030822753906,72.5875473022461
65.64054107666016,160.16165161132812,68.24230194091797
70.3680648803711,165.0334930419922,72.13471221923828
67.92414855957031,155.83114624023438,65.80474090576172
61.216312408447266,137.19776916503906,59.83125305175781
68.550537109375,150.37698364257812,67.36553955078125
59.731719970703125,140.9535675048828,56.44947814941406
62.358123779296875,144.9228515625,56.825233459472656
60.831600189208984,143.82620239257812,54.27205276489258
60.365509033203125,145.3013458251953,59.16645050048828
56.533172607421875,132.5782470703125,55.909934997558594
55.33216857910156,120.8838882446289,54.4840087890625
60.88339614868164,126.94941711425781,62.50968551635742
60.54800033569336,129.71533203125,63.40571594238281
63.73421859741211,144.59288024902344,67.3462905883789
61.09547424316406,131.083740234375,63.916343688964844
62.839019775390625,129.4338836669922,65.38082122802734
62.710784912109375,128.99717712402344,63.33826446533203
59.411128997802734,122.36872863769531,60.332252502441406
60.40250015258789,126.55152130126953,62.62529373168945
59.534423828125,122.88308715820312,60.74654006958008
64.72805786132812,136.7416534423828,65.31336212158203
63.978355407714844,138.23622131347656,66.19975280761719
65.61588287353516,143.40890502929688,68.95527648925781
66.08935546875,148.3778076171875,71.18087005615234
67.38652801513672,141.92405700683594,69.1383285522461
70.78976440429688,148.2807159423828,70.97854614257812
70.1436538696289,144.2338104248047,69.89947509765625
70.70098876953125,148.24192810058594,70.82439422607422
69.7416763305664,153.11376953125,74.28324127197266
68.29405975341797,150.79429626464844,72.56827545166016
66.18306732177734,140.41009521484375,70.06326293945312
68.08937072753906,147.1161346435547,74.62045288085938
67.82550048828125,149.0765380859375,72.40448760986328
69.78359985351562,148.2904510498047,72.81877899169922
69.83292388916016,149.88204956054688,74.89985656738281
68.70097351074219,141.13795471191406,75.81515502929688
70.95745849609375,144.52496337890625,74.05201721191406
72.45439147949219,139.56578063964844,73.92676544189453
71.28791809082031,134.73275756835938,71.09418487548828
72.29656219482422,136.99395751953125,69.26358032226562
73.38166046142578,136.66403198242188,70.2366943359375
74.13874816894531,131.30691528320312,70.29448699951172
74.90571594238281,132.1900634765625,73.63723754882812
76.68858337402344,127.3958511352539,75.44911193847656
77.89531707763672,126.29920196533203,73.51127624511719
77.00511169433594,127.3570327758789,72.03852844238281
76.07533264160156,124.58142852783203,71.33121490478516
76.54269409179688,123.56242370605469,71.88349914550781
76.09017181396484,125.26078796386719,71.85444641113281
77.88294982910156,131.5204315185547,73.86009216308594
77.43290710449219,132.98583984375,73.50159454345703
78.93882751464844,134.49981689453125,75.342529296875
78.35030364990234,133.14112854003906,75.62349700927734
78.8547592163086,130.22967529296875,75.20687103271484
78.32063293457031,133.33523559570312,75.342529296875
78.66188049316406,130.064697265625,76.15640258789062
78.69648742675781,131.86007690429688,76.0982666015625
78.61984252929688,131.33602905273438,75.56536865234375
79.58670043945312,134.83949279785156,75.88510131835938
79.95514678955078,135.53823852539062,75.36189270019531
80.39530181884766,143.50595092773438,77.10594940185547
79.70291137695312,144.82579040527344,76.29206085205078
81.97293090820312,151.29893493652344,79.58635711669922
82.45761108398438,153.64756774902344,80.96220397949219
85.06145477294922,147.29086303710938,79.8092041015625
87.24987030029297,143.85533142089844,76.55365753173828
83.06097412109375,132.0638885498047,70.3138656616211
83.778076171875,137.0952606201172,74.00540924072266
84.81417846679688,134.1310577392578,74.56739044189453
87.06193542480469,138.38238525390625,75.42001342773438
86.9407730102539,136.56874084472656,74.70303344726562
86.97539520263672,137.8460693359375,73.93759155273438
86.47835540771484,135.41815185546875,73.0558853149414
88.740966796875,137.612060546875,73.0558853149414
90.63512420654297,137.51455688476562,73.14308166503906
89.03522491455078,135.82766723632812,71.35059356689453
90.21721649169922,136.988037109375,71.55406188964844
87.44522094726562,135.3206329345703,69.34496307373047
89.46054077148438,134.69659423828125,71.1955795288086
90.20732879638672,136.6370086669922,71.30215454101562
90.03670501708984,132.58070373535156,71.72848510742188
90.03670501708984,131.7226104736328,71.48624420166016
92.4451904296875,132.6197052001953,73.09464263916016
92.15835571289062,127.81257629394531,71.94163513183594
94.30472564697266,128.83639526367188,71.83506774902344
94.71027374267578,127.66630554199219,71.28277587890625
94.87594604492188,125.21888732910156,71.98040008544922
94.43827819824219,127.79308319091797,70.39138793945312
96.0010757446289,129.65545654296875,70.4688949584961
96.66130828857422,131.20582580566406,73.25936126708984
95.47188568115234,131.35208129882812,72.07728576660156
95.27901458740234,134.248046875,71.85444641113281
97.28691864013672,132.26866149902344,72.62957000732422
95.9441909790039,134.56008911132812,73.09464263916016
96.21373748779297,137.68031311035156,74.83868408203125
91.83442687988281,140.62506103515625,73.01714324951172
91.60691833496094,138.1970977783203,73.42408752441406
93.77803039550781,138.42135620117188,74.08293914794922
92.23748779296875,133.38999938964844,72.31951141357422
94.00552368164062,136.54925537109375,75.01307678222656
95.14302062988281,135.7204132080078,74.2573471069336
105.10340881347656,136.31521606445312,74.1507568359375
107.75176239013672,134.11154174804688,73.15277862548828
108.47132873535156,134.14080810546875,72.7942886352539
108.86451721191406,134.88186645507812,73.42408752441406
112.66271209716797,140.43975830078125,73.70659637451172
110.10124969482422,140.6640167236328,73.8332290649414
111.70155334472656,138.6748809814453,75.46985626220703
108.37954711914062,139.3086700439453,76.83370971679688
111.98148345947266,141.3953094482422,77.24286651611328
113.96326446533203,142.32168579101562,76.9798355102539
113.86170196533203,141.74635314941406,76.34661865234375
113.56443786621094,143.686767578125,76.9116439819336
114.5107421875,146.06593322753906,76.95059967041016
114.6544189453125,146.70950317382812,75.62571716308594
117.19854736328125,147.83082580566406,75.22631072998047
123.23808288574219,148.13308715820312,75.0801773071289
124.71205139160156,150.1320037841797,76.64862060546875
123.68893432617188,150.9217987060547,80.58431243896484
125.37098693847656,149.50794982910156,80.28231811523438
123.87226867675781,148.02584838867188,81.2564926147461
123.67160034179688,149.75173950195312,82.8054428100586
127.8655776977539,150.892578125,82.28911590576172
132.95880126953125,149.93698120117188,83.82833862304688
130.2041015625,153.17422485351562,86.06893920898438
119.77983856201172,149.6932373046875,84.24723815917969
119.85912322998047,149.22515869140625,84.04265594482422
111.79320526123047,148.68890380859375,83.20484924316406
116.25224304199219,149.74197387695312,83.64322662353516
112.45710754394531,146.5924835205078,82.68853759765625
110.98066711425781,150.02474975585938,83.06846618652344
114.31008911132812,152.74676513671875,84.39335632324219
114.48845672607422,153.53009033203125,85.44547271728516
111.1094741821289,153.81402587890625,86.09817504882812
109.33576965332031,154.88131713867188,84.51026153564453
105.86762237548828,154.02944946289062,82.75672149658203
109.0781478881836,149.3883056640625,81.7240982055664
110.79238891601562,153.9903106689453,81.78254699707031
106.14508819580078,149.02601623535156,80.84733581542969
107.23507690429688,148.52664184570312,80.89604187011719
111.25811004638672,150.78848266601562,82.12351989746094
113.9137191772461,153.36363220214844,83.84781646728516
113.05164337158203,154.36236572265625,82.61060333251953
114.75598907470703,153.53988647460938,83.7016830444336
115.72706604003906,153.52027893066406,84.50051879882812
111.99138641357422,153.63780212402344,84.33491516113281
115.43970489501953,154.22528076171875,86.18585205078125
112.13011169433594,153.68675231933594,84.76355743408203
114.03263092041016,156.96688842773438,86.16636657714844
113.92363739013672,159.37557983398438,87.2184829711914
115.90542602539062,163.3019561767578,87.68609619140625
123.26781463623047,164.81964111328125,88.43621063232422
119.99783325195312,162.7732391357422,87.83222198486328
120.08702850341797,163.4390411376953,87.00415802001953
119.61138916015625,168.0116424560547,86.53655242919922
117.93675994873047,167.34584045410156,86.23456573486328
114.92444610595703,166.61148071289062,85.33831024169922
116.44052124023438,165.3777618408203,86.2248306274414
115.80634307861328,166.93460083007812,85.99100494384766
114.696533203125,165.534423828125,87.05287170410156
113.99299621582031,171.13511657714844,88.45570373535156
114.0029067993164,168.70684814453125,87.34513092041016
115.53881072998047,168.76559448242188,87.7250747680664
110.18794250488281,161.0597381591797,84.91941833496094
114.27045440673828,159.4930877685547,86.0202407836914
107.8692398071289,154.76382446289062,84.71483612060547
107.7800521850586,160.06100463867188,83.75040435791016
109.43486022949219,162.53822326660156,86.10791778564453
113.90381622314453,156.98646545410156,87.47176361083984
117.9466781616211,157.49562072753906,88.28034210205078
117.81269073486328,161.0499267578125,88.30955505371094
115.46019744873047,166.70938110351562,93.40452575683594
115.11279296875,163.32156372070312,91.92658233642578
118.60676574707031,166.1904296875,93.02281188964844
118.32884216308594,164.0363311767578,91.54486846923828
118.37846374511719,166.94439697265625,93.53176879882812
119.4107894897461,170.27346801757812,95.70466613769531
118.50751495361328,166.03379821777344,96.50726318359375
117.15756225585938,163.9580078125,95.83190155029297
117.7630615234375,165.63232421875,95.68508911132812
116.47266387939453,163.8111114501953,94.95101165771484
113.0084457397461,165.84774780273438,94.82376098632812
114.31869506835938,168.2858123779297,96.21363067626953
115.17234802246094,168.54039001464844,96.1157455444336
115.72820281982422,169.84268188476562,96.56599426269531
118.17001342773438,167.95289611816406,95.93955993652344
121.81289672851562,166.94439697265625,96.72258758544922
122.17023468017578,167.49270629882812,96.81068420410156
122.03128051757812,167.5514678955078,97.9852066040039
121.34637451171875,166.84646606445312,100.1091537475586
122.83528137207031,166.90524291992188,99.25762176513672
123.46062469482422,168.88308715820312,99.06185913085938
120.87984466552734,169.29432678222656,98.26905059814453
122.32904815673828,168.27601623535156,103.15314483642578
121.50518798828125,164.88815307617188,100.81387329101562
120.87984466552734,163.1477508544922,101.1270751953125
126.93475341796875,165.22250366210938,101.96882629394531
126.8652572631836,164.13104248046875,101.07814025878906
127.74870300292969,166.81539916992188,101.0194091796875
125.72377014160156,167.41522216796875,101.08792877197266
127.28215789794922,162.45944213867188,100.75515747070312
130.9051971435547,164.6521759033203,100.23638916015625
129.99200439453125,165.79281616210938,99.89382934570312
130.9945068359375,165.6551513671875,99.84488677978516
135.6796417236328,166.5794219970703,102.12541961669922
133.8730926513672,164.1507110595703,103.3880386352539
132.73159790039062,164.19003295898438,103.72083282470703
131.70919799804688,167.2185821533203,104.70940399169922
128.45346069335938,164.7013397216797,100.91175079345703
130.04161071777344,163.8262176513672,101.24454498291016
125.66421508789062,167.82821655273438,101.97860717773438
129.95228576660156,168.22152709960938,101.15644073486328
131.0739288330078,171.63356018066406,103.42720031738281
128.026611328125,170.78793334960938,102.37991333007812
127.84795379638672,171.3287353515625,100.63768768310547
129.92250061035156,171.1812286376953,100.7061996459961
127.95713806152344,170.57159423828125,99.6589126586914
126.20022583007812,170.6502685546875,100.15808868408203
126.88512420654297,168.90000915527344,100.36363983154297
131.05406188964844,170.03079223632812,103.22166442871094
135.85829162597656,169.4113311767578,102.36033630371094
138.0420379638672,170.80760192871094,101.7045669555664
141.86358642578125,170.8174285888672,101.25431823730469
142.10182189941406,169.65711975097656,102.46800231933594
141.0099334716797,168.67384338378906,95.79276275634766
136.07667541503906,166.99241638183594,96.06681060791016
130.98458862304688,164.75051879882812,94.75525665283203
133.1484832763672,171.68270874023438,96.48768615722656
133.99220275878906,175.79287719726562,99.4925308227539
132.949951171875,176.4221954345703,98.87590026855469
136.37445068359375,179.16558837890625,101.4402847290039
135.9519500732422,179.04759216308594,104.22001647949219
136.10108947753906,179.49005126953125,104.00467681884766
135.20639038085938,180.06036376953125,103.96553039550781
134.59007263183594,180.25704956054688,103.62295532226562
134.33160400390625,178.75257873535156,103.61317443847656
134.57017517089844,178.04461669921875,103.06505584716797
132.40306091308594,180.2865447998047,103.89701080322266
130.06692504882812,178.75257873535156,102.65850067138672
128.94361877441406,179.90304565429688,103.1794662475586
129.10267639160156,179.69654846191406,101.60675048828125
125.25555419921875,177.53330993652344,100.0733642578125
125.11637115478516,175.5667266845703,99.640869140625
124.60938262939453,178.05445861816406,102.59951782226562
120.275146484375,177.50381469726562,101.7050552368164
120.5435562133789,172.54800415039062,106.18726348876953
127.03497314453125,179.4015655517578,105.04705810546875
124.3807373046875,176.83517456054688,105.37142181396484
121.33882141113281,175.3504180908203,104.40813446044922
119.42022705078125,171.987548828125,103.100830078125
120.70259857177734,175.88137817382812,103.40553283691406
115.67249298095703,176.2156982421875,103.23844146728516
120.37454223632812,174.07212829589844,104.7325210571289
119.2711181640625,174.78993225097656,105.9415283203125
121.23941040039062,175.54705810546875,105.48937225341797
120.31490325927734,176.82057189941406,105.97101593017578
123.25741577148438,179.5255584716797,107.04242706298828
124.82808685302734,180.1475067138672,109.44080352783203
124.02286529541016,179.02206420898438,108.5758056640625
119.81786346435547,179.0911865234375,105.78426361083984
119.28105163574219,180.87803649902344,104.52609252929688
122.66096496582031,183.33621215820312,105.73511505126953
121.81598663330078,181.52960205078125,104.4376220703125
119.38045501708984,178.72589111328125,103.1794662475586
119.87750244140625,181.73690795898438,105.51885986328125
120.49384307861328,187.17649841308594,108.0253677368164
120.67277526855469,186.4656982421875,107.26850128173828
119.19158935546875,184.22471618652344,108.38905334472656
121.42829895019531,185.6462860107422,107.40611267089844
122.27326965332031,185.95233154296875,107.51423645019531
125.15613555908203,188.89422607421875,109.12625885009766
125.46430206298828,186.28799438476562,111.21993255615234
127.14432525634766,187.50225830078125,111.2592544555664
129.5897674560547,188.02549743652344,111.11181640625
132.2141876220703,188.61782836914062,111.24942779541016
130.46458435058594,185.3896026611328,111.8686752319336
133.63572692871094,186.0806884765625,113.3922348022461
131.2499237060547,184.9552459716797,113.1956558227539
133.705322265625,185.76473999023438,114.67005920410156
133.36732482910156,186.18927001953125,116.32139587402344
134.04331970214844,185.2612762451172,115.59402465820312
132.3235321044922,182.90184020996094,114.28671264648438
132.7112274169922,184.0963592529297,114.74869537353516
131.16046142578125,185.03421020507812,113.94268798828125
133.52639770507812,187.5516357421875,115.5547103881836
133.9240264892578,187.76881408691406,113.94268798828125
133.59596252441406,187.32456970214844,114.16875457763672
132.79075622558594,186.18927001953125,110.48272705078125
132.69134521484375,186.8112030029297,112.67469024658203
130.68328857421875,185.8931121826172,112.53707885742188
131.7568817138672,186.3472137451172,113.74609375
127.0946044921875,184.1753387451172,112.1635513305664
127.3431396484375,183.3855743408203,111.54430389404297
128.97344970703125,185.62655639648438,112.7828140258789
129.66053771972656,196.52545166015625,112.38963317871094
126.31471252441406,197.8483123779297,112.35031127929688
125.3786849975586,199.13169860839844,111.61311340332031
122.25192260742188,191.85589599609375,108.34662628173828
124.44264221191406,195.01498413085938,109.03741455078125
126.91217803955078,199.29953002929688,109.73808288574219
125.7371597290039,198.08523559570312,109.52098083496094
124.32315063476562,196.64390563964844,109.60979461669922
124.16382598876953,196.1897735595703,108.22820281982422
126.77276611328125,200.5532684326172,109.94532775878906
124.90070343017578,199.5364532470703,109.4617691040039
126.56365203857422,200.24725341796875,111.04072570800781
126.36449432373047,201.2443389892578,111.14928436279297
126.31471252441406,200.06954956054688,111.36638641357422
124.7513427734375,200.98765563964844,112.01771545410156
124.08415985107422,202.68568420410156,112.38285064697266
123.75554656982422,202.51785278320312,111.84994506835938
124.53226470947266,204.93653869628906,111.51441955566406
123.0186767578125,207.1676483154297,109.65914154052734
125.3587646484375,207.266357421875,110.51769256591797
125.36872100830078,205.03526306152344,109.86637878417969
126.2051773071289,207.72047424316406,110.05387878417969
126.59352111816406,206.44696044921875,109.92558288574219
125.57783508300781,209.8627471923828,110.73480987548828
126.81259155273438,209.59620666503906,111.08020782470703
129.9293975830078,209.39808654785156,110.97164916992188
129.0929412841797,208.9424591064453,110.41901397705078
129.6007843017578,207.7141876220703,109.89598083496094
131.23385620117188,208.88302612304688,109.92558288574219
129.9095001220703,205.06947326660156,108.25780487060547
131.74169921875,209.30892944335938,109.5111083984375
133.41461181640625,211.9239501953125,110.37953186035156
133.13580322265625,211.2999267578125,110.09334564208984
132.8470458984375,212.52816772460938,110.51769256591797
132.5482940673828,213.578125,111.55390167236328
134.2112579345703,213.07296752929688,110.76441955566406
135.75469970703125,214.9549560546875,110.79401397705078
136.38204956054688,214.79649353027344,110.3400650024414
136.6907501220703,216.66860961914062,111.91902923583984
139.36940002441406,218.92698669433594,113.4585189819336
141.42071533203125,220.89816284179688,114.20853424072266
143.95994567871094,222.3245086669922,115.59999084472656
142.6355438232422,220.20477294921875,114.4651107788086
144.49765014648438,222.39385986328125,115.9256591796875
143.89022827148438,221.11605834960938,116.90263366699219
145.02542114257812,220.0958251953125,117.97831726074219
148.5205841064453,220.79910278320312,118.22502136230469
147.85342407226562,220.52174377441406,117.40593719482422
145.77224731445312,217.90676879882812,117.16909790039062
141.84889221191406,214.54885864257812,113.80391693115234
145.5332489013672,216.51010131835938,115.87631225585938
144.78643798828125,217.34214782714844,117.70198822021484
146.18052673339844,218.03550720214844,121.01781463623047
147.93309020996094,219.60057067871094,124.31390380859375
148.36129760742188,220.56137084960938,124.40272521972656
146.15066528320312,219.55101013183594,124.37311553955078
144.3682098388672,219.3826446533203,120.80072021484375
145.02542114257812,221.66085815429688,120.77111053466797
145.2445068359375,221.79953002929688,119.8335952758789
144.9059295654297,221.80943298339844,118.78753662109375
146.73817443847656,222.8594207763672,117.5638198852539
146.32989501953125,220.6604461669922,116.69540405273438
146.43942260742188,220.1651611328125,117.46514892578125
145.7413330078125,226.35597229003906,117.4848861694336
145.69146728515625,226.00929260253906,116.38948059082031
145.20281982421875,227.54461669921875,114.85984802246094
145.4621124267578,224.9989471435547,115.41463470458984
148.4838409423828,228.35684204101562,114.67162322998047
148.69326782226562,230.82327270507812,115.6722183227539
150.70774841308594,232.67555236816406,116.4449462890625
149.78030395507812,232.19020080566406,115.4839859008789
145.9607391357422,231.69493103027344,114.60227966308594
146.29981994628906,235.1617889404297,113.25494384765625
147.78575134277344,237.7272491455078,113.56205749511719
149.30162048339844,236.76644897460938,114.07721710205078
149.2118377685547,236.8555908203125,114.00787353515625
147.9552764892578,239.044677734375,114.49330139160156
147.1375274658203,240.74838256835938,113.25494384765625
148.19464111328125,240.51065063476562,114.04749298095703
152.70228576660156,242.2440948486328,114.53292846679688
151.4158172607422,241.9073028564453,116.3954086303711
152.09396362304688,241.15452575683594,116.35578155517578
153.23085021972656,243.70016479492188,116.27653503417969
153.87908935546875,242.53134155273438,116.09821319580078
156.2625732421875,242.55113220214844,114.71125030517578
154.68687438964844,244.1062774658203,116.94029235839844
153.64971923828125,241.6893768310547,117.68330383300781
148.56361389160156,240.3818817138672,118.2281723022461
149.1420440673828,239.460693359375,118.06966400146484
147.71592712402344,239.23219299316406,117.75264739990234
148.6234588623047,242.37147521972656,113.57196044921875
148.38409423828125,240.73231506347656,113.6016845703125
145.66156005859375,235.86441040039062,112.35342407226562
142.55006408691406,232.71517944335938,110.77823638916016
143.03872680664062,233.98678588867188,111.17451477050781
145.45213317871094,237.58306884765625,112.01659393310547
146.42945861816406,238.63612365722656,113.07662200927734
146.5192108154297,239.1924591064453,113.0468978881836
144.97344970703125,237.2949676513672,112.62090301513672
141.52288818359375,232.13897705078125,110.66926574707031
142.44036865234375,234.11595153808594,111.1249771118164
141.11399841308594,230.79782104492188,109.28230285644531
142.26084899902344,232.7747802734375,111.86798858642578
138.76043701171875,229.95339965820312,110.42159271240234
140.72506713867188,230.74815368652344,109.81727600097656
141.61264038085938,232.22837829589844,110.59991455078125
142.89910888671875,235.29815673828125,111.16460418701172
142.51016235351562,235.20872497558594,110.18383026123047
142.42042541503906,234.11595153808594,109.90643310546875
141.12396240234375,237.75196838378906,109.96587371826172
140.52560424804688,239.718994140625,109.72811889648438
143.36782836914062,243.50401306152344,110.82777404785156
144.44488525390625,238.2586212158203,110.41168212890625
146.1502227783203,241.47740173339844,112.31380462646484
148.35418701171875,243.52389526367188,112.43267822265625
148.8528289794922,244.8153533935547,112.79923248291016
149.07223510742188,246.67312622070312,113.37383270263672
148.28439331054688,247.89505004882812,113.4828109741211
148.23452758789062,244.2987823486328,113.64131164550781
148.9126739501953,244.1894989013672,113.84935760498047
148.44395446777344,248.41165161132812,112.4524917602539
152.15380859375,246.5042266845703,112.14537811279297
149.391357421875,246.96121215820312,105.0818099975586
148.55364990234375,243.42454528808594,108.77706146240234
149.6107635498047,249.86207580566406,110.41168212890625
151.07675170898438,251.0144805908203,111.56087493896484
150.54818725585938,249.76275634765625,111.11507415771484
151.08750915527344,245.81875610351562,115.8208236694336
150.2485809326172,247.64669799804688,114.08712768554688
150.61810302734375,247.79571533203125,113.06671142578125
147.73178100585938,245.43130493164062,112.67868041992188
147.6818389892578,246.21612548828125,110.87781524658203
149.7991485595703,249.7925567626953,111.15640258789062
149.8091278076172,249.60379028320312,111.30564880371094
150.807861328125,252.38543701171875,111.66383361816406
153.29469299316406,250.3885955810547,111.95236206054688
157.6691131591797,255.56448364257812,112.33045196533203
160.34571838378906,251.4516143798828,110.22113800048828
160.8151092529297,253.94515991210938,110.88775634765625
161.20462036132812,255.42538452148438,113.00701904296875
161.73394775390625,259.5780029296875,113.39505004882812
156.6104736328125,251.91851806640625,110.10175323486328
160.03610229492188,257.79974365234375,110.17139434814453
165.0896759033203,251.52113342285156,109.0868911743164
164.5603485107422,244.33851623535156,108.1118392944336
163.55162048339844,250.86546325683594,110.85791015625
161.63406372070312,246.37509155273438,110.67881774902344
165.10964965820312,248.9679718017578,112.78812408447266
170.96217346191406,253.29940795898438,115.67350006103516
174.8572235107422,252.02780151367188,115.66354370117188
174.33787536621094,257.4818115234375,114.7680892944336
179.22166442871094,263.1842346191406,116.14112854003906
175.51638793945312,261.5649108886719,114.9770278930664
174.10818481445312,258.60546875,114.13131713867188
179.0718536376953,261.6944580078125,114.10147094726562
172.04080200195312,260.8275451660156,113.01696014404297
170.9222412109375,258.1969299316406,108.08198547363281
169.53399658203125,254.9884033203125,107.54470825195312
172.76988220214844,260.6780700683594,109.8132095336914
175.41650390625,263.6474609375,111.17630004882812
176.05569458007812,261.9634704589844,111.8031234741211
180.1005401611328,267.9620361328125,113.64379119873047
179.06185913085938,268.8488464355469,114.98697662353516
179.15174865722656,271.75848388671875,115.79288482666016
177.97325134277344,270.1242980957031,115.65359497070312
177.34405517578125,270.7321472167969,116.37991333007812
181.7783966064453,266.4773254394531,116.09137725830078
179.47134399414062,263.856689453125,113.66368103027344
174.69741821289062,258.18695068359375,109.88285827636719
171.78114318847656,256.77203369140625,110.5793228149414
171.950927734375,251.6503448486328,107.02733612060547
171.9709014892578,255.11795043945312,105.49510192871094
174.8572235107422,255.1378631591797,103.51514434814453
175.306640625,255.93504333496094,103.34600067138672
171.9709014892578,250.0062255859375,101.88341522216797
172.84979248046875,250.23541259765625,99.61492156982422
169.5839385986328,244.61550903320312,97.23697662353516
166.0184783935547,243.37991333007812,96.38131713867188
164.3006591796875,237.99916076660156,95.23711395263672
162.20335388183594,236.34506225585938,95.82413482666016
161.41433715820312,238.65679931640625,97.60511016845703
159.57669067382812,233.20628356933594,96.5206069946289
159.48680114746094,226.73941040039062,95.09782409667969
159.0174102783203,222.2952880859375,94.8391342163086
170.11326599121094,226.31092834472656,96.71959686279297
174.55760192871094,231.11376953125,97.8239974975586
174.3878173828125,230.97427368164062,98.26177978515625
175.6162567138672,236.8134002685547,97.23697662353516
172.67999267578125,234.77069091796875,95.45600891113281
172.38999938964844,234.73085021972656,94.52074432373047
171.66000366210938,235.7671356201172,94.70979309082031
174.8300018310547,235.54791259765625,94.44114685058594
176.27999877929688,237.650390625,96.63999938964844
172.1199951171875,221.06967163085938,95.30999755859375
168.63999938964844,215.2305450439453,93.7300033569336
168.8800048828125,213.04835510253906,93.6500015258789
172.7899932861328,222.09600830078125,94.51000213623047
172.5500030517578,220.21273803710938,95.18000030517578
168.8800048828125,215.140869140625,93.05000305175781
167.3000030517578,217.0341033935547,93.33999633789062
164.32000732421875,212.32095336914062,93.11000061035156
160.07000732421875,206.90032958984375,89.6500015258789
162.74000549316406,216.5259246826172,91.01000213623047
164.85000610351562,221.80703735351562,92.58000183105469
165.1199951171875,219.64476013183594,91.79000091552734
163.1999969482422,215.43980407714844,90.13999938964844
166.55999755859375,221.89671325683594,92.7699966430664
166.22999572753906,220.7807159423828,91.52999877929688
163.1699981689453,222.16575622558594,90.02999877929688
159.3000030517578,215.7387237548828,84.45999908447266
157.44000244140625,213.36721801757812,84.0
162.9499969482422,220.91024780273438,87.5999984741211
158.52000427246094,221.50811767578125,87.16000366210938
154.72999572753906,220.97999572753906,82.7300033569336
150.6199951171875,218.75,79.29000091552734
155.08999633789062,224.72999572753906,83.12000274658203
159.58999633789062,226.83999633789062,87.41000366210938
160.6199951171875,230.77999877929688,87.66000366210938
163.97999572753906,233.08999633789062,89.5999984741211
165.3800048828125,232.07000732421875,86.86000061035156
168.82000732421875,232.08999633789062,87.88999938964844
170.2100067138672,226.77999877929688,86.22000122070312
174.07000732421875,231.0399932861328,87.12000274658203
174.72000122070312,232.39999389648438,87.44999694824219
175.60000610351562,235.1199951171875,88.37999725341797
